UBIGEO,NAME_CLEAN
000001,CODO DEL POZUZO
000001,TOURNAVISTA
000001,ALEXANDER VON HUMBOLDT
000001,IRAZOLA
000001,NESHUYA
000001,PADRE ABAD
000001,CURIMANA
000001,PUERTO INCA
000001,NUEVA REQUENA
000001,CAMPOVERDE
000001,CONTAMANA
000001,HUANCHACO
000001,SANTIAGO DE CAO
000001,SIMBAL
000001,MAGDALENA DE CAO
000001,CHOCOPE
000001,PAIJAN
000001,SINSICAP
000001,CHICAMA
000001,RAZURI
000001,MARMOT
000001,ASCOPE
000001,CASCAS
000001,CASA GRANDE
000001,SAN BENITO
000001,SAN PEDRO DE LLOC
000001,CUPISNIQUE
000001,CORONEL GREGORIO ALBARRACIN LANCHIPA
000001,POCOLLAY
000001,CALANA
000001,TACNA
000001,SAMA
000001,CIUDAD NUEVA
000001,ITE
000001,ILO
000001,ALTO DE LA ALIANZA
000001,PACHIA
000001,ESTIQUE-PAMPA
000001,ESTIQUE
000001,TARUCACHI
000001,INCLAN
000001,LOCUMBA
000001,EL ALGARROBAL
000001,PALCA
000001,HEROES ALBARRACIN
000001,CURIBAYA
000001,SITAJARA
000001,QUILAHUANI
000001,PACOCHA
000001,TARATA
000001,HUANUARA
000001,TICACO
000001,ILABAYA
000001,SAMEGUA
000001,PUNTA DE BOMBON
000001,CAIRANI
000001,SUSAPAYA
000001,DEAN VALDIVIA
000001,CAMILACA
000001,MEJIA
000001,CAPAZO
000001,CANDARAVE
000001,ISLAY
000001,TORATA
000001,MOQUEGUA
000001,CUCHUMBAYA
000001,PISACOMA
000001,COCACHACRA
000001,MOLLENDO
000001,LA CAPILLA
000001,CAMANA
000001,QUINISTAQUILLAS
000001,JOSE MARIA QUIMPER
000001,KELLUYO
000001,SAN CRISTOBAL
000001,DESAGUADERO
000001,SAMUEL PASTOR
000001,QUEQUENA
000001,OMATE
000001,SANTA ROSA
000001,YARABAMBA
000001,POLOBAYA
000001,MOLLEBAYA
000001,CARUMAS
000001,PUQUINA
000001,QUILCA
000001,COALAQUE
000001,HUACULLANI
000001,SOCABAYA
000001,POCSI
000001,JACOBO HUNTER
000001,SABANDIA
000001,CONDURIRI
000001,JOSE LUIS BUSTAMANTE Y RIVERO
000001,TIABAYA
000001,SACHACA
000001,CHARACATO
000001,LA JOYA
000001,PAUCARPATA
000001,SANTA RITA DE SIGUAS
000001,AREQUIPA
000001,MATALAQUE
000001,YANAHUARA
000001,UCHUMAYO
000001,NICOLAS DE PIEROLA
000001,ZEPITA
000001,SAN JUAN DE SIGUAS
000001,COPANI
000001,MARIANO MELGAR
000001,CHOJATA
000001,MARISCAL CACERES
000001,MIRAFLORES
000001,CHIGUATA
000001,ALTO SELVA ALEGRE
000001,CUTURAPI
000001,POMATA
000001,ANAPIA
000001,LLOQUE
000001,UNICACHI
000001,YUNGUYO
000001,OLLARAYA
000001,CERRO COLORADO
000001,TINICACHI
000001,JULI
000001,CAYMA
000001,YUNGA
000001,VITOR
000001,SANTA ISABEL DE SIGUAS
000001,URACA
000001,MAJES
000001,OCONA
000001,PILCUYO
000001,ICHUNA
000001,SAN ANTONIO
000001,UBINAS
000001,PICHACANI
000001,YURA
000001,SAN JUAN DE TARUCANI
000001,HUANCA
000001,CHUCUITO
000001,MARIANO NICOLAS VALCARCEL
000001,HUANCARQUI
000001,IRAY
000001,APLAO
000001,PUNO
000001,TIQUILLACA
000001,ATICO
000001,LLUTA
000001,TIPAN
000001,CARAVELI
000001,RIO GRANDE
000001,CHALA
000001,ACHOMA
000001,PAUCARCOLLA
000001,UNON
000001,MACA
000001,CABANILLAS
000001,ATUNCOLLA
000001,YANQUE
000001,CHUQUIBAMBA
000001,COATA
000001,HUAMBO
000001,CABANACONDE
000001,SAN ANTONIO DE CHUCA
000001,HUATA
000001,CHAPARRA
000001,CABANA
000001,PAMPACOLCA
000001,VIRACO
000001,ANDARAY
000001,AYO
000001,CHIVAY
000001,COPORAQUE
000001,YANAQUIHUA
000001,ICHUPAMPA
000001,YAUCA
000001,MACHAGUAY
000001,ATIQUIPA
000001,CAPACHICA
000001,CABANILLA
000001,MADRIGAL
000001,TILALI
000001,CARACOTO
000001,CONIMA
000001,CHICHAS
000001,HUANUHUANU
000001,TUTI
000001,PUSI
000001,ANDAGUA
000001,CAHUACHO
000001,LARI
000001,QUICACHA
000001,SANTA LUCIA
000001,JULIACA
000001,URANMARCA
000001,ARANCAY
000001,MORO
000001,MIRGAS
000001,COISHCO
000001,LLAMELLIN
000001,NUEVO CHIMBOTE
000001,YUNGAY
000001,COCHABAMBA
000001,NEPENA
000001,PAMPAROMAS
000001,SAN LUIS
000001,CHACCHO
000001,SANTA
000001,CARAZ
000001,BAMBAS
000001,PAROBAMBA
000001,UMACHIRI
000001,PALLPATA
000001,AZANGARO
000001,ESPINAR
000001,NASCA
000001,QUILCAPUNCU
000001,AYAVIRI
000001,PUYCA
000001,HUAYNACOTAS
000001,ALTO PICHIGUA
000001,CAYARANI
000001,PICHIGUA
000001,APARICIO POMARES
000001,HUANCHAY
000001,RECUAY
000001,YANAS
000001,TICAPAMPA
000001,QUEROPALCA
000001,CHIQUIAN
000001,AMBO
000001,CHETILLA
000001,BOLIVAR
000001,PUEBLO NUEVO
000001,JUANJUI
000001,JOSE SABOGAL
000001,SACANCHE
000001,ETEN PUERTO
000001,EL ESLABON
000001,JORGE CHAVEZ
000001,ANTONIO RAYMONDI
000001,CAJACAY
000001,LA LIBERTAD
000001,QUIVILLA
000001,COLCABAMBA
000001,OLLEROS
000001,PAMPAS GRANDE
000001,CARHUAPAMPA
000001,PAUCAS
000001,CORONGO
000001,HUACRACHUCO
000001,ACO
000001,SANTIAGO DE CHOCORVOS
000001,OLLACHEA
000001,ANDAHUAYLILLAS
000001,SAN CLEMENTE
000001,HUANCARAMA
000001,INDEPENDENCIA
000001,ACORA
000001,MANAZO
000001,VILQUE
000001,CHILCAYMARCA
000001,CALLALLI
000001,TAPAY
000001,TARACO
000001,ACOCHACA
000001,SIHUAS
000001,LLAPO
000001,HUAYAN
000001,CAHUAC
000001,AQUIA
000001,LA UNION
000001,SUCCHA
000001,OBAS
000001,HUACLLAN
000001,LA MERCED
000001,CHUQUIS
000001,PACHAS
000001,PIRA
000001,PUNCHAO
000001,SAN PEDRO DE CHANA
000001,PARIACOTO
000001,ORCOPAMPA
000001,SUYCKUTAMBO
000001,CHACHAS
000001,VISTA ALEGRE
000001,TIRAPATA
000001,CUPI
000001,CAYLLOMA
000001,COJATA
000001,PAMPAMARCA
000001,CHANGUILLO
000001,ORURILLO
000001,MACARI
000001,ASILLO
000001,CHINCHAO
000001,CHAGLLA
000001,IPARIA
000001,CONSTITUCION
000001,YUYAPICHIS
000001,ILAVE
000001,PILLUANA
000001,BALSAS
000001,TRES UNIDOS
000001,PICSI
000001,TUMAN
000001,BUENOS AIRES
000001,HUASMIN
000001,OYOTUN
000001,QUEROCOTO
000001,CUTERVO
000001,SAN MARTIN
000001,PROVIDENCIA
000001,COLCAMAR
000001,COCHAMAL
000001,UCO
000001,JIRCAN
000001,MANCOS
000001,RANRAHIRCA
000001,HUACCHIS
000001,CHINGAS
000001,YANACANCHA
000001,VILCABAMBA
000001,HUANCAPON
000001,GOYLLARISQUIZGA
000001,PISUQUIA
000001,SHANAO
000001,MORROPE
000001,PITIPO
000001,TOCMOCHE
000001,LA BANDA DE SHILCAYO
000001,SAN JUAN DE LICUPIS
000001,PAUCARBAMBA
000001,CHINCHIHUASI
000001,HUANTAR
000001,YURUA
000001,YAUTAN
000001,JANGAS
000001,CAJABAMBA
000001,PADRE MARQUEZ
000001,COLONIA
000001,ACORIA
000001,PACHAMARCA
000001,SAN PEDRO DE PILAS
000001,HUACHOCOLPA
000001,LARES
000001,SANTA ANA
000001,CHICLA
000001,LLUSCO
000001,SAN JUAN DE SALINAS
000001,PEDRO VILCA APAZA
000001,OCORURO
000001,INCHUPALLA
000001,PUCARA
000001,COLQUEMARCA
000001,TUPAC AMARU
000001,NUNOA
000001,CAPAYA
000001,MICAELA BASTIDAS
000001,AJOYANI
000001,SAN PABLO
000001,CHALLHUAHUACHO
000001,MOSOC LLACTA
000001,POMACOCHA
000001,NUEVO IMPERIAL
000001,PACARAN
000001,CAJA
000001,CHUPAMARCA
000001,LURIN
000001,PAZOS
000001,HUACRAPUQUIO
000001,CHINCHA BAJA
000001,CAPILLAS
000001,CHINCHA ALTA
000001,COASA
000001,COCAS
000001,URUBAMBA
000001,CALCA
000001,GROCIO PRADO
000001,SAN JUAN
000001,MOLLEPAMPA
000001,LAMUD
000001,QUEROCOTILLO
000001,LLAMA
000001,RUMISAPA
000001,CORTEGANA
000001,CHADIN
000001,CHIGUIRIP
000001,HUICUNGO
000001,LAMBAYEQUE
000001,SHAPAJA
000001,YUNGAR
000001,YARUMAYO
000001,AMARILIS
000001,PALCAZU
000001,CHORAS
000001,JACAS CHICO
000001,HUANUCO
000001,SANTA CRUZ DE COCACHACRA
000001,SAN JERONIMO DE TUNAN
000001,CONGALLA
000001,HUANCA-HUANCA
000001,LUNAHUANA
000001,HUAYLLAY GRANDE
000001,HUANGASCAR
000001,CASTROVIRREYNA
000001,CERRO AZUL
000001,ZUNIGA
000001,ANTA
000001,ACOBAMBA
000001,QUILMANA
000001,LINCHA
000001,ASCENSION
000001,ACOLLA
000001,ANCON
000001,CALAPUJA
000001,PARURO
000001,AYAVI
000001,ITUATA
000001,HUMAY
000001,HUANOQUITE
000001,ANDAHUAYLAS
000001,SAN JERONIMO
000001,URCOS
000001,SANTA MARIA DE CHICMO
000001,YAURISQUE
000001,SANTIAGO DE ANCHUCAYA
000001,MANZANARES
000001,ANTIOQUIA
000001,SAN AGUSTIN
000001,HUALHUAS
000001,ORCOTUNA
000001,NUEVE DE JULIO
000001,PATAMBUCO
000001,PATAYPAMPA
000001,POCOHUANCA
000001,SANDIA
000001,YANACA
000001,SAN JUAN DEL ORO
000001,TATE
000001,SANTIAGO
000001,SANAYCA
000001,PACHACONAS
000001,SORAYA
000001,PACHACUTEC
000001,SAN PEDRO
000001,LIVITACA
000001,HAQUIRA
000001,PAMPACHIRI
000001,EL ORO
000001,TINTA
000001,ATAVILLOS ALTO
000001,IBERIA
000001,MEGANTONI
000001,PALCAMAYO
000001,VITOC
000001,MAZAMARI - PANGOA
000001,LAMPIAN
000001,HUACHO
000001,IHUARI
000001,CALETA DE CARQUIN
000001,HUALMAY
000001,SANTA BARBARA DE CARHUACAYAN
000001,SANTA MARIA
000001,SANTA CRUZ DE ANDAMARCA
000001,SAN RAMON
000001,VEINTISIETE DE NOVIEMBRE
000001,TAMBOPATA
000001,IGUAIN
000001,HUAMANGUILLA
000001,TAMBO
000001,KIMBIRI
000001,PICHARI
000001,HUACCANA
000001,ORONCCOY
000001,SIVIA
000001,SANTILLANA
000001,LLOCHEGUA
000001,ANCO
000001,SAMUGARI
000001,CHILCAS
000001,SAN MIGUEL
000001,ANCHIHUAY
000001,CANAYRE
000001,QUISQUI (KICHKI)
000001,HUANCABAMBA
000001,POZUZO
000001,PUERTO BERMUDEZ
000001,PANAO
000001,UMARI
000001,YAUYUCAN
000001,ANDABAMBA
000001,SAUCE
000001,NINABAMBA
000001,ALBERTO LEVEAU
000001,LEIMEBAMBA
000001,PULAN
000001,SAUCEPAMPA
000001,HUALGAYOC
000001,LUCMA
000001,SAYAPULLO
000001,SARTIMBAMBA
000001,CONDEBAMBA
000001,CONDORMARCA
000001,CAMPANILLA
000001,SANTA CATALINA
000001,JAMALCA
000001,BELLAVISTA
000001,SAN JOSE DEL ALTO
000001,LA COIPA
000001,PARATIA
000001,SAN JUAN DE TANTARANCHE
000001,CONCEPCION
000001,HUAROCHIRI
000001,COSME
000001,CONAYCA
000001,SANTA CRUZ DE FLORES
000001,IZCUCHACA
000001,NUEVO OCCORO
000001,HUAYACUNDO ARMA
000001,KISHUARA
000001,SANTO DOMINGO DE CAPILLAS
000001,WANCHAQ
000001,HUAYTARA
000001,OCONGATE
000001,TRES DE DICIEMBRE
000001,HUANCAN
000001,SAN ISIDRO
000001,MAGDALENA DEL MAR
000001,SAN JUAN DE ISCOS
000001,SAN BORJA
000001,LINCE
000001,SANTIAGO DE SURCO
000001,SALCABAMBA
000001,VITIS
000001,PUEBLO LIBRE
000001,LA PUNTA
000001,JEPELACIO
000001,PACORA
000001,LA JALCA
000001,LIMABAMBA
000001,SAN JUAN BAUTISTA
000001,IQUITOS
000001,PAMPAS DE HOSPITAL
000001,ZORRITOS
000001,SAN JACINTO
000001,LA PECA
000001,MATAPALO
000001,LA CRUZ
000001,SAN FRANCISCO DE DAGUAS
000001,SANTO DOMINGO DE LA CAPILLA
000001,MARISCAL BENAVIDES
000001,CHACHAPOYAS
000001,LA RAMADA
000001,LONYA CHICO
000001,TABALOSOS
000001,SANTA ROSA DE OCOPA
000001,ATAURA
000001,CALLAHUANCA
000001,YAUYOS
000001,LLOCLLAPAMPA
000001,SAN JUAN DE RONTOY
000001,CAJAY
000001,ACZO
000001,MONZON
000001,MAGDALENA
000001,LONGUITA
000001,CHIMBAN
000001,MIRACOSTA
000001,SAN LUIS DE LUCMA
000001,SOCOTA
000001,INGUILPATA
000001,HUANCAS
000001,PAPAPLAYA
000001,PINTO RECODO
000001,MOTUPE
000001,SANTO TOMAS
000001,CHILIQUIN
000001,CHURUJA
000001,RIOJA
000001,CANARIS
000001,PIMPINGOS
000001,CALZADA
000001,ELIAS SOPLIN VARGAS
000001,CAYNARACHI
000001,LONYA GRANDE
000001,SAN CARLOS
000001,ALTO TAPICHE
000001,ASUNCION
000001,POSIC
000001,YAMON
000001,NIEVA
000001,MANSERICHE
000001,YAVARI
000001,PARINARI
000001,SAN FRANCISCO DEL YESO
000001,MOYOBAMBA
000001,BARRANCA
000001,CUMBA
000001,CRISTO NOS VALGA
000001,RINCONADA LLICUAR
000001,HUARMACA
000001,BERNAL
000001,BELLAVISTA DE LA UNION
000001,EL TALLAN
000001,VICE
000001,SAN MIGUEL DE EL FAIQUE
000001,CURA MORI
000001,SONDORILLO
000001,SALITRAL
000001,SONDOR
000001,LA ARENA
000001,TARICA
000001,PIMENTEL
000001,VARGAS GUERRA
000001,JOSE LEONARDO ORTIZ
000001,COMANDANTE NOEL
000001,PARIAHUANCA
000001,HUACHIS
000001,RAHUAPAMPA
000001,SAN MIGUEL DE ACO
000001,MASIN
000001,PONTO
000001,TANTAMAYO
000001,ACOPAMPA
000001,SINGA
000001,BUENA VISTA ALTA
000001,HUACACHI
000001,TINCO
000001,MARCARA
000001,ATAQUERO
000001,PINRA
000001,HUACAYBAMBA
000001,SANTA CRUZ
000001,PISCOBAMBA
000001,SAPOSOA
000001,CHONTABAMBA
000001,OXAPAMPA
000001,VILLA RICA
000001,HUACHON
000001,TICLACAYAN
000001,COLPAS
000001,RAIMONDI
000001,CAYNA
000001,HUACAR
000001,CONCHAMARCA
000001,MARGOS
000001,SAN PEDRO DE CHAULAN
000001,PILLCO MARCA
000001,ANDOAS
000001,ALTO NANAY
000001,MAZAN
000001,TROMPETEROS
000001,TIGRE
000001,NAPO
000001,PUTUMAYO
000001,TORRES CAUSANA
000001,TENIENTE MANUEL CLAVERO
000001,CHETO
000001,LUYA VIEJO
000001,CONILA
000001,SATIPO
000001,CHURCAMPA
000001,LOCROJA
000001,SAN PEDRO DE CORIS
000001,CARAMPOMA
000001,SANTA ROSA DE QUIVES
000001,COCHAS
000001,ANDAMARCA
000001,MARISCAL CASTILLA
000001,POMACANCHA
000001,LACHAQUI
000001,SANTA ROSA DE SACCO
000001,CARABAYLLO
000001,COCHAMARCA
000001,PACHANGARA
000001,NAVAN
000001,HUAYLLAY
000001,TINYAHUARCO
000001,SEPAHUA
000001,SAN LUIS DE SHUARO
000001,LABERINTO
000001,ULCUMAYO
000001,CAUJUL
000001,CHAUPIMARCA
000001,ANDAJES
000001,PICHANAQUI
000001,NINACACA
000001,PERENE
000001,VEGUETA
000001,SANTA LEONOR
000001,CHECRAS
000001,CARHUAMAYO
000001,VICCO
000001,CHANCHAMAYO
000001,LACABAMBA
000001,TAURIJA
000001,TAYABAMBA
000001,SALAVERRY
000001,OYON
000001,YANAHUANCA
000001,SAN MIGUEL DE CAURI
000001,SUPE PUERTO
000001,SUPE
000001,AMBAR
000001,PATIVILCA
000001,COLQUIOC
000001,PARAMONGA
000001,HUARMEY
000001,LAGUNAS
000001,URARINAS
000001,JEBEROS
000001,CAHUAPANAS
000001,BALSAPUERTO
000001,RIO TAMBO
000001,SIMON BOLIVAR
000001,GORGOR
000001,MANAS
000001,PAUCARTAMBO
000001,MACHE
000001,JULCAN
000001,LAREDO
000001,SALPO
000001,SITABAMBA
000001,HUAYO
000001,PALLASCA
000001,YUPAN
000001,SICSIBAMBA
000001,HONORIA
000001,CASHAPAMPA
000001,HUANCASPATA
000001,MASISEA
000001,CHAO
000001,QUICHES
000001,CHINGALPO
000001,NUEVO PROGRESO
000001,BOLOGNESI
000001,HUACASCHUQUE
000001,HUANDOVAL
000001,URPAY
000001,SHUNTE
000001,SANTA CRUZ DE CHUCA
000001,TAURIA
000001,JAQUI
000001,SAYLA
000001,AMANTANI
000001,SINCOS
000001,EL TAMBO
000001,SAN BARTOLOME
000001,MATAHUASI
000001,SAN FRANCISCO DE ASIS DE YARUSYACAN
000001,LLATA
000001,QUECHUALLA
000001,TORO
000001,MOHO
000001,CAMINACA
000001,SALAMANCA
000001,SAMAN
000001,COTAHUASI
000001,SIBAYO
000001,LAMPA
000001,NICASIO
000001,HUAYRAPATA
000001,ACHAYA
000001,LOMAS
000001,TOMEPAMPA
000001,CHOCO
000001,CHARCANA
000001,ROSASPATA
000001,CONDOROMA
000001,VILAVILA
000001,ALCA
000001,HUANCANE
000001,VILQUE CHICO
000001,CHUPA
000001,OCUVIRI
000001,YANTALO
000001,SALAS
000001,YAQUERANA
000001,REQUENA
000001,SAQUENA
000001,SAN MATEO DE OTAO
000001,SANTA EULALIA
000001,JAUJA
000001,SAN NICOLAS
000001,HUAYLLAN
000001,ELEAZAR GUZMAN BARRON
000001,CACERES DEL PERU
000001,HUAYLAS
000001,MUSGA
000001,CHAVINILLO
000001,SANTA MARIA DEL VALLE
000001,TAHUANIA
000001,CHURUBAMBA
000001,MARIAS
000001,YACUS
000001,TONGOD
000001,PAMPAS CHICO
000001,PARARIN
000001,JIVIA
000001,HUASTA
000001,MARCA
000001,GRANADA
000001,QUINJALCA
000001,VALERA
000001,CALLAYUC
000001,SAN ROQUE DE CUMBAZA
000001,COROSHA
000001,EL MILAGRO
000001,MAQUIA
000001,CHONTALI
000001,SALLIQUE
000001,BAGUA
000001,MARIA
000001,SAN JUAN DE LOPECANCHA
000001,TARAPOTO
000001,CACATACHI
000001,MARCONA
000001,SANTIAGO DE PUPUJA
000001,TISCO
000001,JOSE DOMINGO CHOQUEHUANCA
000001,HUATASANI
000001,ARAPA
000001,PALPA
000001,ANANEA
000001,MUNANI
000001,PUTINA
000001,LAYO
000001,SINA
000001,QUEHUE
000001,MARANGANI
000001,QUIACA
000001,OCUCAJE
000001,POTONI
000001,HUAQUIRCA
000001,QUINOTA
000001,SABAINO
000001,VIRUNDO
000001,CUYOCUYO
000001,KUNTURKANKI
000001,CHECCA
000001,VELILLE
000001,SAN ANTON
000001,JUAN ESPINOZA MEDRANO
000001,COTARUSE
000001,ANTABAMBA
000001,CARAYBAMBA
000001,LANGUI
000001,PARCONA
000001,ICA
000001,LOS AQUIJES
000001,TIBILLO
000001,COMBAPATA
000001,OMACHA
000001,IHUAYLLO
000001,JUSTO APU SAHUARAURA
000001,TAPAIRIHUA
000001,SANTIAGO DE QUIRAHUARA
000001,CURASCO
000001,USICAYOS
000001,SUBTANJALLA
000001,PROGRESO
000001,ACOPIA
000001,LA TINGUINA
000001,CHUQUIBAMBILLA
000001,OCOYO
000001,LLALLI
000001,EL INGENIO
000001,SAN JOSE
000001,LLIPATA
000001,YANAHUAYA
000001,OROPESA
000001,CHALHUANCA
000001,CRUCERO
000001,YANAOCA
000001,MAMARA
000001,ANTAUTA
000001,SICUANI
000001,TURPAY
000001,CHAMACA
000001,POMACANCHI
000001,CORDOVA
000001,CAPACMARCA
000001,TORAYA
000001,PHARA
000001,HUAYANA
000001,SAN MIGUEL DE CHACCRAMPA
000001,CHAPIMARCA
000001,YAUCA DEL ROSARIO
000001,QUERCO
000001,GAMARRA
000001,SAN ANTONIO DE CACHI
000001,CORANI
000001,PITUMARCA
000001,TURPO
000001,SAN ANDRES
000001,TAMBOBAMBA
000001,QUIQUIJANA
000001,RONDOCAN
000001,HUANCARAY
000001,PACCARITAMBO
000001,TUPAC AMARU INCA
000001,LAMBRAMA
000001,PISCO
000001,SANGARARA
000001,PILLPINTO
000001,MACUSANI
000001,ACCHA
000001,MARA
000001,HUAYLLATI
000001,CHACOCHE
000001,CURPAHUASI
000001,ACOS
000001,CHECACUPE
000001,TUMAY HUARACA
000001,ALTO INAMBARI
000001,CHIARA
000001,ACOMAYO
000001,SAN JUAN DE CHACNA
000001,LUCRE
000001,LARAMARCA
000001,COLCHA
000001,CUSIPATA
000001,TINTAY
000001,CIRCA
000001,COYLLURQUI
000001,CCAPI
000001,PARACAS
000001,SAN FRANCISCO DE SANGAYAICO
000001,SAN JOSE DE LOS MOLINOS
000001,HUARO
000001,PICHIRHUA
000001,COTABAMBAS
000001,PLATERIA
000001,COCHARCAS
000001,ABANCAY
000001,TAMBURCO
000001,PACUCHA
000001,CCORCA
000001,YAULI
000001,ROSARIO
000001,HONGOS
000001,ASIA
000001,CATAHUASI
000001,CACRA
000001,OCOBAMBA
000001,PUTINZA
000001,PAUCARA
000001,INAMBARI
000001,ACOBAMBILLA
000001,MALA
000001,TUPE
000001,JESUS MARIA
000001,CCOCHACCASA
000001,MADEAN
000001,MARANURA
000001,AURAHUA
000001,CALLANMARCA
000001,VINAC
000001,CHOCOS
000001,SAN MIGUEL DE ACOS
000001,HUARAL
000001,MARCAPOMACOCHA
000001,SAN SEBASTIAN
000001,TAURIPAMPA
000001,MANTA
000001,LARIA
000001,YANATILE
000001,HUANDO
000001,CHAMBARA
000001,SANO
000001,SANTIAGO DE TUNA
000001,SAN ANDRES DE TUPICOCHA
000001,SAN LORENZO DE QUINTI
000001,ALLAUCA
000001,PUCUSANA
000001,SANTA MARIA DEL MAR
000001,VILCA
000001,CUENCA
000001,SAYLLA
000001,RANRACANCHA
000001,TALAVERA
000001,CHUPURO
000001,CHORRILLOS
000001,VIQUES
000001,SANGALLAYA
000001,BARRANCO
000001,SANTO DOMINGO DE LOS OLLEROS
000001,VILLA MARIA DEL TRIUNFO
000001,SAN JUAN DE MIRAFLORES
000001,HUAYUCACHI
000001,CHONGOS BAJO
000001,LANGA
000001,HUARIBAMBA
000001,SURQUILLO
000001,CCARHUAYO
000001,SAN DAMIAN
000001,LEONOR ORDONEZ
000001,PACCHA
000001,QUILCAS
000001,MUQUI
000001,MANU
000001,HEROINAS TOLEDO
000001,QUICHUAY
000001,MUQUIYAUYO
000001,HUARIPAMPA
000001,INGENIO
000001,SAN LORENZO
000001,EL MANTARO
000001,SURCO
000001,SAUSA
000001,PARCO
000001,LEONCIO PRADO
000001,RIO NEGRO
000001,SAN PEDRO DE CAJAS
000001,JUNIN
000001,ONDORES
000001,HUASAHUASI
000001,SAYAN
000001,SAN MIGUEL DE MAYOCC
000001,EL CARMEN
000001,CURAHUASI
000001,POROY
000001,ANCO_HUALLO
000001,CUSCO
000001,CAICAY
000001,HUANCARANI
000001,CCATCA
000001,QUITO-ARMA
000001,CHINCHEROS
000001,KAQUIABAMBA
000001,HUAMATAMBO
000001,SECCLLA
000001,ARMA
000001,SANTA TERESA
000001,SAN PEDRO DE PUTINA PUNCO
000001,CHAVIN
000001,IMPERIAL
000001,SAN PEDRO DE HUACARPANA
000001,HUAYOPATA
000001,PAMPAS
000001,CHICCHE
000001,QUINOCAY
000001,QUINCHES
000001,COLCA
000001,ALIS
000001,HUANEC
000001,PUNTA NEGRA
000001,QUISHUAR
000001,MARIATANA
000001,SAN JOAQUIN
000001,CULLHUAS
000001,MADRE DE DIOS
000001,LA PERLA
000001,CHINCHAYPUJIO
000001,PUCYURA
000001,ANDARAPA
000001,CACHIMAYO
000001,SAN SALVADOR
000001,LIMBANI
000001,ONGOY
000001,MOLLEPATA
000001,LIMATAMBO
000001,PISAC
000001,TICRAPO
000001,HUAROCONDO
000001,MARAS
000001,LAMAY
000001,HUAYLLABAMBA
000001,ALTO LARAN
000001,COLQUEPATA
000001,YUCAY
000001,VILLA EL SALVADOR
000001,PUNTA HERMOSA
000001,MARCAPATA
000001,SAN PEDRO DE PALCO
000001,SAN PEDRO DE LARCAY
000001,HUACANA
000001,PAICO
000001,CARAPO
000001,CARHUANCA
000001,SANTIAGO DE LUCANAMARCA
000001,HUAMBALPA
000001,CANARIA
000001,SAN SALVADOR DE QUIJE
000001,QUEROBAMBA
000001,CHILCAYOC
000001,CHALCOS
000001,SACSAMARCA
000001,HUALLA
000001,SANCOS
000001,SAN PEDRO DE CACHORA
000001,TARAY
000001,ZURITE
000001,TAMBO DE MORA
000001,PACOBAMBA
000001,SUNAMPE
000001,ANCAHUASI
000001,HUANIPACA
000001,SAN ANTONIO DE CUSICANCHA
000001,CHINCHERO
000001,SAN GABAN
000001,COYA
000001,HUANCANO
000001,ANCHONGA
000001,HUEPETUHE
000001,HUACHOS
000001,AYAPATA
000001,OLLANTAYTAMBO
000001,MACHUPICCHU
000001,SAN JUAN DE YANAC
000001,CAMANTI
000001,SAN VICENTE DE CANETE
000001,TANTARA
000001,CHALLABAMBA
000001,RICARDO PALMA
000001,HUANCAYO
000001,MITO
000001,HUANCAVELICA
000001,KOSNIPATA
000001,COAYLLO
000001,MOYA
000001,PILCHACA
000001,OMAS
000001,HUANTAN
000001,HUAYLLAHUARA
000001,SAN BARTOLO
000001,ACOSTAMBO
000001,ACRAQUIA
000001,CARHUACALLANGA
000001,QUELLOUNO
000001,CALANGO
000001,HUASICANCHA
000001,CHACAPAMPA
000001,HUAMPARA
000001,CHONGOS ALTO
000001,AHUAYCHA
000001,LARAOS
000001,CARANIA
000001,DANIEL HERNANDEZ
000001,NAHUIMPUQUIO
000001,CHILCA
000001,LAHUAYTAMBO
000001,PACHACAMAC
000001,HUAMANCACA CHICO
000001,LA VICTORIA
000001,LA MOLINA
000001,BRENA
000001,SAPALLANGA
000001,CHUPACA
000001,SAN PEDRO DE HUANCAYRE
000001,SALCAHUASI
000001,SAN JUAN DE JARPA
000001,AHUAC
000001,TOMAS
000001,SURCUBAMBA
000001,SANTA ANITA
000001,PILCOMAYO
000001,HUACHAC
000001,CIENEGUILLA
000001,SAN MARCOS DE ROCCHAC
000001,SAN JOSE DE QUERO
000001,HUANCAYA
000001,TANTA
000001,SICAYA
000001,JENARO HERRERA
000001,SUITUCANCHA
000001,MASMA
000001,HUAMALI
000001,CANCHAYLLO
000001,HUERTAS
000001,JANJAILLO
000001,MASMA CHICCHE
000001,SAN PEDRO DE CASTA
000001,MARCO
000001,PANCAN
000001,CURICACA
000001,MATUCANA
000001,HUANZA
000001,LA OROYA
000001,SAN PEDRO DE LARAOS
000001,RICRAN
000001,HUARICOLCA
000001,MOLINOS
000001,APATA
000001,COMAS
000001,HUAMANTANGA
000001,CANTA
000001,MOROCOCHA
000001,CHANCAY
000001,LAS PIEDRAS
000001,TARMA
000001,AUCALLAMA
000001,TAPO
000001,LLAYLLA
000001,SAN BUENAVENTURA
000001,TAHUAMANU
000001,SUMBILCA
000001,FITZCARRALD
000001,HUAROS
000001,ATAVILLOS BAJO
000001,PAMPA HERMOSA
000001,COVIRIALI
000001,MONOBAMBA
000001,PACARAOS
000001,CARMEN DE LA LEGUA REYNOSO
000001,LIMA
000001,EL AGUSTINO
000001,RIMAC
000001,ATE
000001,CHACLACAYO
000001,CALLAO
000001,SAN MARTIN DE PORRES
000001,LOS OLIVOS
000001,LURIGANCHO
000001,SAN JUAN DE LURIGANCHO
000001,VENTANILLA
000001,PUENTE PIEDRA
000001,PACCHO
000001,MARCAS
000001,SANTO DOMINGO DE ACOBAMBA
000001,SAN PEDRO DE CHUNAN
000001,SAN MATEO
000001,SAN JUAN DE IRIS
000001,TUNAN MARCA
000001,CHACAPALPA
000001,HUAY-HUAY
000001,PACA
000001,HUACHUPAMPA
000001,ARAHUAY
000001,HUASO
000001,UCHIZA
000001,VIRU
000001,MOCHE
000001,SHAMBOYACU
000001,QUILLO
000001,ANRA
000001,CASCAPARA
000001,CASMA
000001,MATACOTO
000001,SHILLA
000001,YAUYA
000001,LLUMPA
000001,MATO
000001,YANAMA
000001,HUAYLLAPAMPA
000001,TINGO DE SAPOSOA
000001,SAN GREGORIO
000001,BAJO BIAVO
000001,LOS BANOS DEL INCA
000001,UNION AGUA BLANCA
000001,EL PRADO
000001,LONGOTEA
000001,PACANGA
000001,SAN RAFAEL
000001,OXAMARCA
000001,MARCABAL
000001,CHILETE
000001,ALTO BIAVO
000001,JESUS
000001,TANTARICA
000001,YONAN
000001,LLACANORA
000001,GREGORIO PITA
000001,CHEPEN
000001,PAJARILLO
000001,NAMORA
000001,SAN BERNARDINO
000001,UCUNCHA
000001,HUALLAGA
000001,PACASMAYO
000001,COSPAN
000001,ICHOCAN
000001,SITACOCHA
000001,JEQUETEPEQUE
000001,GUZMANGO
000001,JOSE MANUEL QUIROZ
000001,SANTA CRUZ DE TOLED
000001,CALLERIA
000001,PEDRO GALVEZ
000001,MATARA
000001,GUADALUPE
000001,CONTUMAZA
000001,CHACAS
000001,BULDIBUYO
000001,ANGASMARCA
000001,YARINACOCHA
000001,CHILLIA
000001,MOLLEBAMBA
000001,LA ESPERANZA
000001,TOCACHE
000001,CALAMARCA
000001,EL PORVENIR
000001,ONGON
000001,HUAYLILLAS
000001,VICTOR LARCO HERRERA
000001,CONCHUCOS
000001,SANTIAGO DE CHUCO
000001,TRUJILLO
000001,FLORENCIA DE MORA
000001,CACHACHI
000001,RIPAN
000001,SILLAPATA
000001,AIJA
000001,SHUNQUI
000001,HUALLANCA
000001,CORIS
000001,CULEBRAS
000001,CATAC
000001,JOSE GALVEZ
000001,CAJAMARCA
000001,ETEN
000001,PICOTA
000001,NANCHOC
000001,SOROCHUCO
000001,CARHUAZ
000001,AMASHCA
000001,SHUPLUY
000001,SAMANCO
000001,RAPAYAN
000001,HUARI
000001,CHAVIN DE HUANTAR
000001,JACAS GRANDE
000001,SAN MARCOS
000001,HUARAZ
000001,PUNOS
000001,PURUS
000001,BAMBAMARCA
000001,EDUARDO VILLANUEVA
000001,LLACLLIN
000001,TOMAY KICHWA
000001,BANOS
000001,UCHUMARCA
000001,PISCOYACU
000001,INAHUAYA
000001,SUCRE
000001,CAJATAMBO
000001,ABELARDO PARDO LEZAMETA
000001,PAUCAR
000001,COPA
000001,CONGAS
000001,MANGAS
000001,OCROS
000001,LA PRIMAVERA
000001,CAJAMARQUILLA
000001,SAN MIGUEL DE CORPANQUI
000001,SAN FRANCISCO
000001,HUAYLLACAYAN
000001,PACLLON
000001,TICLLOS
000001,ALFONSO UGARTE
000001,CHOLON
000001,MANANTAY
000001,CUSCA
000001,TAUCA
000001,SANTIAGO DE CHALLAS
000001,RAGASH
000001,ACAS
000001,HUARIACA
000001,SANTIAGO DE CHILCAS
000001,SAN PEDRO DE PILLAO
000001,PALLANCHACRA
000001,TAPUC
000001,SAN CRISTOBAL DE RAJAN
000001,LLIPA
000001,SANTA ANA DE TUSI
000001,CHACAYAN
000001,CANIS
000001,TAPACOCHA
000001,COCHAPETI
000001,INAPARI
000001,MOLINO
000001,CHACABAMBA
000001,RONDOS
000001,COTAPARACO
000001,MALVAS
000001,CHAVIN DE PARIARCA
000001,SANTO TORIBIO
000001,CASCA
000001,CANCHABAMBA
000001,FIDEL OLIVAS ESCUDERO
000001,POMABAMBA
000001,GUADALUPITO
000001,YURACMARCA
000001,CHIMBOTE
000001,MACATE
000001,QUINUABAMBA
000001,LA PAMPA
000001,YANAC
000001,CARABAMBA
000001,POROTO
000001,CACHICADAN
000001,QUIRUVILCA
000001,PARCOY
000001,PARANDAY
000001,AGALLPAMPA
000001,LA CUESTA
000001,SARIN
000001,CURGOS
000001,PIAS
000001,CHARAT
000001,OTUZCO
000001,HUAMACHUCO
000001,COCHORCO
000001,POLVORA
000001,USQUIL
000001,SANAGORAN
000001,CHUGAY
000001,HUARANCHAL
000001,PATAZ
000001,TINGO DE PONASA
000001,SAN SILVESTRE DE COCHAN
000001,CASPISAPA
000001,NUEVA ARICA
000001,SAN HILARION
000001,NIEPOS
000001,TUMBADEN
000001,CALQUIS
000001,CAYALTI
000001,UTCO
000001,LA FLORIDA
000001,MONSEFU
000001,REQUE
000001,LLAPA
000001,ENCANADA
000001,SANA
000001,PUCACACA
000001,PUCALA
000001,CHICLAYO
000001,CATILLUC
000001,POMALCA
000001,SAN FRANCISCO DE ASIS
000001,SAN FRANCISCO DE CAYRAN
000001,ANGUIA
000001,LONGAR
000001,LEVANTO
000001,CHOROPAMPA
000001,CUNUMBUQUI
000001,CHONGOYAPE
000001,CHUMUCH
000001,CHIRIMOTO
000001,LAJAS
000001,TUCUME
000001,TOTORA
000001,SHATOJA
000001,AGUA BLANCA
000001,PATAPO
000001,CHUGUR
000001,LA LIBERTAD DE PALLAN
000001,CATACHE
000001,LUYA
000001,YORONGOS
000001,BARRANQUITA
000001,PION
000001,CAMPORREDONDO
000001,INCAHUASI
000001,CUJILLO
000001,MILPUC
000001,CHAZUTA
000001,CHOTA
000001,FLORIDA
000001,TENIENTE CESAR LOPEZ ROJAS
000001,POMAHUACA
000001,COLASAY
000001,SAN FELIPE
000001,AWAJUN
000001,BAGUA GRANDE
000001,JAEN
000001,YURIMAGUAS
000001,EL PARCO
000001,LAS PIRIAS
000001,TAPICHE
000001,SOPLIN
000001,COPALLIN
000001,HUABAL
000001,HABANA
000001,ALONSO DE ALVARADO
000001,SAN ANDRES DE CUTERVO
000001,TRITA
000001,JAYANCA
000001,OCALLI
000001,MOLINOPAMPA
000001,CHOCHOPE
000001,SONCHE
000001,SORITOR
000001,SAN JUAN DE CUTERVO
000001,EMILIO SAN MARTIN
000001,PARDO MIGUEL
000001,ARAMANGO
000001,CAPELO
000001,YAMBRASBAMBA
000001,PUINAHUA
000001,TACABAMBA
000001,HUAMBOS
000001,HUIMBAYOC
000001,ALTO SAPOSOA
000001,TINGO
000001,OMIA
000001,CHIPURANA
000001,LAMAS
000001,SAN ISIDRO DE MAINO
000001,JAZAN
000001,TORIBIO CASANOVA
000001,RECTA
000001,YURACYACU
000001,SARAYACU
000001,CUISPES
000001,SHIPASBAMBA
000001,CHISQUILLA
000001,JUMBILLA
000001,NUEVA CAJAMARCA
000001,CHOROS
000001,CELENDIN
000001,OCUMAL
000001,SOLOCO
000001,MONTEVIDEO
000001,UTICYACU
000001,FERRENAFE
000001,MIGUEL IGLESIAS
000001,MANUEL ANTONIO MESONES MURO
000001,JUAN GUERRA
000001,PACHIZA
000001,SAN JOSE DE SISA
000001,MOCHUMI
000001,COCABAMBA
000001,SEXI
000001,CHANCAYBANOS
000001,CONCHAN
000001,ILLIMO
000001,ZAPATERO
000001,CHALAMARCA
000001,MORALES
000001,BELEN
000001,SAN JUAN DE LA VIRGEN
000001,CORRALES
000001,PAPAYAL
000001,TUMBES
000001,AGUAS VERDES
000001,INDIANA
000001,ZARUMILLA
000001,PUNCHANA
000001,SAN FERNANDO
000001,CAJARURO
000001,CANOAS DE PUNTA SAL
000001,NAUTA
000001,CASITAS
000001,FERNANDO LORES
000001,RAMON CASTILLA
000001,PASTAZA
000001,LAS AMAZONAS
000001,PEBAS
000001,MORONA
000001,CHIRINOS
000001,TABACONAS
000001,SAN IGNACIO
000001,NAMBALLE
000001,SAN JOSE DE LOURDES
000001,HUARANGO
000001,IMAZA
000001,EL CENEPA
000001,RIO SANTIAGO
000001,SAN JUAN DE BIGOTE
000001,CANCHAQUE
000001,LA MATANZA
000001,CATACAOS
000001,VEINTISEIS DE OCTUBRE
000001,LALAQUIZ
000001,SANTA CATALINA DE MOSSA
000001,YAMANGO
000001,MORROPON
000001,CHALACO
000001,PIURA
000001,CASTILLA
000001,SANTO DOMINGO
000001,CHULUCANAS
000001,MIGUEL CHECA
000001,ARENAL
000001,LA HUACA
000001,COLAN
000001,EL CARMEN DE LA FRONTERA
000001,VICHAYAL
000001,FRIAS
000001,AMOTAPE
000001,TAMARINDO
000001,PACAIPAMPA
000001,IGNACIO ESCUDERO
000001,SAPILLICA
000001,TAMBO GRANDE
000001,SULLANA
000001,QUERECOTILLO
000001,LA BREA
000001,LAS LOMAS
000001,MONTERO
000001,PAIMAS
000001,SICCHEZ
000001,JILILI
000001,AYABACA
000001,PARINAS
000001,LOBITOS
000001,SUYO
000001,EL ALTO
000001,MARCAVELICA
000001,LOS ORGANOS
000001,MANCORA
000001,LANCONES
000001,OLMOS
000001,PAITA
000001,SECHURA
000001,PILPICHACA
000001,SANTO TOMAS DE PATA
000001,SAN ANTONIO DE ANTAPARCO
000001,JULCAMARCA
000001,LIRCAY
000001,CHINCHO
000001,UPAHUACHO
000001,CORONEL CASTANEDA
000001,SARHUA
000001,VILCAS HUAMAN
000001,VILCANCHOS
000001,OYOLO
000001,SAISA
000001,CHAVINA
000001,HUAMANQUIQUIA
000001,ALCAMENCA
000001,CORCULLA
000001,SARA SARA
000001,PAUSA
000001,SAN JOSE DE USHUA
000001,PARARCA
000001,PULLO
000001,PUYUSCA
000001,MARCABAMBA
000001,COLTA
000001,CHUMPI
000001,SAN JAVIER DE ALPABAMBA
000001,CORACORA
000001,CHIPAO
000001,LUCANAS
000001,OCANA
000001,OTOCA
000001,CARMEN SALCEDO
000001,SAN FRANCISCO DE RAVACAYCO
000001,SORAS
000001,HUAC-HUAS
000001,LARAMATE
000001,LLAUTA
000001,SANTIAGO DE PAUCARAY
000001,ASQUIPATA
000001,AUCARA
000001,MORCOLLA
000001,APONGO
000001,PACAPAUSA
000001,PUQUIO
000001,SANTA ANA DE HUAYCAHUACHO
000001,ACCOMARCA
000001,CAYARA
000001,HUANCARAYLLA
000001,SAURAMA
000001,HUANCAPI
000001,TOTOS
000001,MARIA PARADO DE BELLIDO
000001,LURICOCHA
000001,UCHURACCAY
000001,AYNA
000001,CANGALLO
000001,VISCHONGO
000001,LOS MOROCHUCOS
000001,CHUSCHI
000001,PARAS
000001,LUIS CARRANZA
000001,CARMEN ALTO
000001,ACOCRO
000001,VINCHOS
000001,ANDRES AVELINO CACERES DORREGARAY
000001,SOCOS
000001,TAMBILLO
000001,JESUS NAZARENO
000001,AYACUCHO
000001,SAN JOSE DE TICLLAS
000001,ACOS VINCHOS
000001,SANTIAGO DE PISCHA
000001,PACAYCASA
000001,QUINUA
000001,ACARI
000001,BELLA UNION
000001,MI PERU
000001,YAGUAS
000001,ROSA PANDURO
000001,HUANTA
000001,INKAWASI
000001,ANDAYMARCA
000001,QUICHUAS
000001,VILLA VIRGEN
000001,JOSE MARIA ARGUEDAS
000001,PUCACOLPA
000001,TINTAY PUNCU
000001,AYAHUANCO
000001,VIZCATAN DEL ENE
000001,VILLA KINTIARINA
000001,LA YARADA LOS PALOS
000001,LA MORADA
000001,SANTA ROSA DE ALTO YANAJANCA
000001,SAN PABLO DE PILLAO
000001,CHACA
000001,ROBLE
000001,PICHOS
000001,ROCCHACC
000001,SANTIAGO DE TUCUMA
000001,CHUNGUI
000001,LOS CHANKAS
000001,ECHARATE
000001,JOSE CRESPO Y CASTILLO
000001,HERMILIO VALDIZAN
000001,DANIEL ALOMIA ROBLES
000001,RUPA-RUPA
000001,MARIANO DAMASO BERAUN
000001,LUYANDO
000001,PUCAYACU
000001,CASTILLO GRANDE
000001,SANTO DOMINGO DE ANDA
000001,HUAURA
